metric,value
train_accuracy,0.9784166666666667
test_accuracy,0.968
macro_precision,0.9682806974930049
macro_recall,0.968
macro_f1,0.9679961274810103
weighted_precision,0.9682806974930049
weighted_recall,0.968
weighted_f1,0.9679961274810104
