metric,value
train_accuracy,0.9735833333333334
test_accuracy,0.9626666666666667
macro_precision,0.9630261013990655
macro_recall,0.9626666666666667
macro_f1,0.9626547479481925
weighted_precision,0.9630261013990654
weighted_recall,0.9626666666666667
weighted_f1,0.9626547479481925
best_k,9.0
