Class,Precision,Recall,F1-Score,Support
Bot,0.9959568733153639,0.9853333333333333,0.9906166219839142,750
Real,0.9514824797843666,0.9413333333333334,0.9463806970509383,750
Scam,0.9855072463768116,0.9973333333333333,0.9913850231941683,750
Spam,0.9431968295904888,0.952,0.9475779694757797,750
Overall (Macro Avg),0.9690358572667577,0.969,0.9689900779262002,3000
Accuracy,0.969,0.969,0.969,3000
